{
  "platform": "simplismart",
  "cold_wall_s": 222.60616516595474,
  "ttft_s": 221.41170125000644,
  "tpot_s": 0.00605767660391361,
  "output_tokens": 198,
  "error": null
}